<?xml version="1.0" encoding="utf-8"?>
<feed xmlns="http://www.w3.org/2005/Atom" xml:lang="en">
<title type="text">Keep On Moving</title>
<generator uri="https://github.com/jekyll/jekyll">Jekyll</generator>
<link rel="self" type="application/atom+xml" href="http://localhost:4000/feed.xml" />
<link rel="alternate" type="text/html" href="http://localhost:4000" />
<updated>2015-03-04T10:35:52-05:00</updated>
<id>http://localhost:4000/</id>
<author>
  <name>Alex Golubev</name>
  <uri>http://localhost:4000/</uri>
  <email>alexander.golubev@gmail.com</email>
</author>


  

<entry>
  <title type="html"><![CDATA[Zookeeper as configurational storage for Play applications]]></title>
  <link rel="alternate" type="text/html" href="http://localhost:4000/blog/zookeeper-and-play/" />
  <id>http://localhost:4000/blog/zookeeper-and-play</id>
  <published>2015-03-05T14:39:55-05:00</published>
  <updated>2015-03-05T14:39:55-05:00</updated>
  <author>
    <name>Alex Golubev</name>
    <uri>http://localhost:4000</uri>
    <email>alexander.golubev@gmail.com</email>
  </author>
  <content type="html">
    &lt;p&gt;Recently read an article about using zookeeper as configuration storage it’s called 
&lt;a href=&quot;http://sysgears.com/articles/managing-configuration-of-distributed-system-with-apache-zookeeper/&quot;&gt;Managing Configuration of Distributed System with Apache ZooKeeper&lt;/a&gt;
The gist there is that Zookeeper as highly available service will be good as centralized 
config storage with few drawbacks, actually.&lt;/p&gt;

&lt;p&gt;You’ll find this post in your &lt;code&gt;_posts&lt;/code&gt; directory - edit this post and re-build (or run with the &lt;code&gt;-w&lt;/code&gt; switch) to see your changes!
To add new posts, simply add a file in the &lt;code&gt;_posts&lt;/code&gt; directory that follows the convention: YYYY-MM-DD-name-of-post.ext.&lt;/p&gt;

&lt;h2 id=&quot;sample-heading&quot;&gt;Sample Heading&lt;/h2&gt;

&lt;h3 id=&quot;sample-heading-2&quot;&gt;Sample Heading 2&lt;/h3&gt;

&lt;p&gt;Jekyll also offers powerful support for code snippets:&lt;/p&gt;

&lt;div class=&quot;highlight&quot;&gt;&lt;pre&gt;&lt;code class=&quot;language-ruby&quot; data-lang=&quot;ruby&quot;&gt;&lt;span class=&quot;k&quot;&gt;def&lt;/span&gt; &lt;span class=&quot;nf&quot;&gt;print_hi&lt;/span&gt;&lt;span class=&quot;p&quot;&gt;(&lt;/span&gt;&lt;span class=&quot;nb&quot;&gt;name&lt;/span&gt;&lt;span class=&quot;p&quot;&gt;)&lt;/span&gt;
  &lt;span class=&quot;nb&quot;&gt;puts&lt;/span&gt; &lt;span class=&quot;s2&quot;&gt;&amp;quot;Hi, &lt;/span&gt;&lt;span class=&quot;si&quot;&gt;#{&lt;/span&gt;&lt;span class=&quot;nb&quot;&gt;name&lt;/span&gt;&lt;span class=&quot;si&quot;&gt;}&lt;/span&gt;&lt;span class=&quot;s2&quot;&gt;&amp;quot;&lt;/span&gt;
&lt;span class=&quot;k&quot;&gt;end&lt;/span&gt;
&lt;span class=&quot;n&quot;&gt;print_hi&lt;/span&gt;&lt;span class=&quot;p&quot;&gt;(&lt;/span&gt;&lt;span class=&quot;s1&quot;&gt;&amp;#39;Tom&amp;#39;&lt;/span&gt;&lt;span class=&quot;p&quot;&gt;)&lt;/span&gt;
&lt;span class=&quot;c1&quot;&gt;#=&amp;gt; prints &amp;#39;Hi, Tom&amp;#39; to STDOUT.&lt;/span&gt;&lt;/code&gt;&lt;/pre&gt;&lt;/div&gt;

&lt;p&gt;Check out the &lt;a href=&quot;http://jekyllrb.com&quot;&gt;Jekyll docs&lt;/a&gt; for more info on how to get the most out of Jekyll. File all bugs/feature requests at &lt;a href=&quot;https://github.com/jekyll/jekyll&quot;&gt;Jekyll’s GitHub repo&lt;/a&gt;.&lt;/p&gt;


    &lt;p&gt;&lt;a href=&quot;http://localhost:4000/blog/zookeeper-and-play/&quot;&gt;Zookeeper as configurational storage for Play applications&lt;/a&gt; was originally published by Alex Golubev at &lt;a href=&quot;http://localhost:4000&quot;&gt;Keep On Moving&lt;/a&gt; on March 05, 2015.&lt;/p&gt;
  </content>
</entry>


  

<entry>
  <title type="html"><![CDATA[Override Author Byline Test Post]]></title>
  <link rel="alternate" type="text/html" href="http://localhost:4000/articles/author-override/" />
  <id>http://localhost:4000/articles/author-override</id>
  <published>2014-06-19T00:00:00-04:00</published>
  <updated>2014-06-19T00:00:00-04:00</updated>
  <author>
    <name>Billy Rick</name>
    <uri>http://localhost:4000</uri>
    <email>billy@rick.com</email>
  </author>
  <content type="html">
    &lt;p&gt;For those of you who may have content written by multiple authors on your site you can now assign different authors to each post if desired.&lt;/p&gt;

&lt;p&gt;Previously the theme used a global author for the entire site and those attributes would be used in all bylines, social networking links, Twitter Card attribution, and Google Authorship. These &lt;code&gt;owner&lt;/code&gt; variables were defined in &lt;code&gt;config.yml&lt;/code&gt;&lt;/p&gt;

&lt;p&gt;Start by modifying or creating a new &lt;code&gt;authors.yml&lt;/code&gt; file in the &lt;code&gt;_data&lt;/code&gt; folder and add your authors using the following format.&lt;/p&gt;

&lt;div class=&quot;highlight&quot;&gt;&lt;pre&gt;&lt;code class=&quot;language-yaml&quot; data-lang=&quot;yaml&quot;&gt;&lt;span class=&quot;c1&quot;&gt;# Authors&lt;/span&gt;

&lt;span class=&quot;l-Scalar-Plain&quot;&gt;billy_rick&lt;/span&gt;&lt;span class=&quot;p-Indicator&quot;&gt;:&lt;/span&gt;
  &lt;span class=&quot;l-Scalar-Plain&quot;&gt;name&lt;/span&gt;&lt;span class=&quot;p-Indicator&quot;&gt;:&lt;/span&gt; &lt;span class=&quot;l-Scalar-Plain&quot;&gt;Billy Rick&lt;/span&gt;
  &lt;span class=&quot;l-Scalar-Plain&quot;&gt;web&lt;/span&gt;&lt;span class=&quot;p-Indicator&quot;&gt;:&lt;/span&gt; &lt;span class=&quot;l-Scalar-Plain&quot;&gt;http://thewhip.com&lt;/span&gt;
  &lt;span class=&quot;l-Scalar-Plain&quot;&gt;email&lt;/span&gt;&lt;span class=&quot;p-Indicator&quot;&gt;:&lt;/span&gt; &lt;span class=&quot;l-Scalar-Plain&quot;&gt;billy@rick.com&lt;/span&gt;
  &lt;span class=&quot;l-Scalar-Plain&quot;&gt;bio&lt;/span&gt;&lt;span class=&quot;p-Indicator&quot;&gt;:&lt;/span&gt; &lt;span class=&quot;s&quot;&gt;&amp;quot;What&lt;/span&gt;&lt;span class=&quot;nv&quot;&gt; &lt;/span&gt;&lt;span class=&quot;s&quot;&gt;do&lt;/span&gt;&lt;span class=&quot;nv&quot;&gt; &lt;/span&gt;&lt;span class=&quot;s&quot;&gt;you&lt;/span&gt;&lt;span class=&quot;nv&quot;&gt; &lt;/span&gt;&lt;span class=&quot;s&quot;&gt;want,&lt;/span&gt;&lt;span class=&quot;nv&quot;&gt; &lt;/span&gt;&lt;span class=&quot;s&quot;&gt;jewels?&lt;/span&gt;&lt;span class=&quot;nv&quot;&gt; &lt;/span&gt;&lt;span class=&quot;s&quot;&gt;I&lt;/span&gt;&lt;span class=&quot;nv&quot;&gt; &lt;/span&gt;&lt;span class=&quot;s&quot;&gt;am&lt;/span&gt;&lt;span class=&quot;nv&quot;&gt; &lt;/span&gt;&lt;span class=&quot;s&quot;&gt;a&lt;/span&gt;&lt;span class=&quot;nv&quot;&gt; &lt;/span&gt;&lt;span class=&quot;s&quot;&gt;very&lt;/span&gt;&lt;span class=&quot;nv&quot;&gt; &lt;/span&gt;&lt;span class=&quot;s&quot;&gt;extravagant&lt;/span&gt;&lt;span class=&quot;nv&quot;&gt; &lt;/span&gt;&lt;span class=&quot;s&quot;&gt;man.&amp;quot;&lt;/span&gt;
  &lt;span class=&quot;l-Scalar-Plain&quot;&gt;avatar&lt;/span&gt;&lt;span class=&quot;p-Indicator&quot;&gt;:&lt;/span&gt; &lt;span class=&quot;l-Scalar-Plain&quot;&gt;bio-photo-2.jpg&lt;/span&gt;
  &lt;span class=&quot;l-Scalar-Plain&quot;&gt;twitter&lt;/span&gt;&lt;span class=&quot;p-Indicator&quot;&gt;:&lt;/span&gt; &lt;span class=&quot;l-Scalar-Plain&quot;&gt;extravagantman&lt;/span&gt;
  &lt;span class=&quot;l-Scalar-Plain&quot;&gt;google&lt;/span&gt;&lt;span class=&quot;p-Indicator&quot;&gt;:&lt;/span&gt;
    &lt;span class=&quot;l-Scalar-Plain&quot;&gt;plus&lt;/span&gt;&lt;span class=&quot;p-Indicator&quot;&gt;:&lt;/span&gt; &lt;span class=&quot;l-Scalar-Plain&quot;&gt;BillyRick&lt;/span&gt;

&lt;span class=&quot;l-Scalar-Plain&quot;&gt;cornelius_fiddlebone&lt;/span&gt;&lt;span class=&quot;p-Indicator&quot;&gt;:&lt;/span&gt;
  &lt;span class=&quot;l-Scalar-Plain&quot;&gt;name&lt;/span&gt;&lt;span class=&quot;p-Indicator&quot;&gt;:&lt;/span&gt; &lt;span class=&quot;l-Scalar-Plain&quot;&gt;Cornelius Fiddlebone&lt;/span&gt;
  &lt;span class=&quot;l-Scalar-Plain&quot;&gt;email&lt;/span&gt;&lt;span class=&quot;p-Indicator&quot;&gt;:&lt;/span&gt; &lt;span class=&quot;l-Scalar-Plain&quot;&gt;cornelius@thewhip.com&lt;/span&gt;
  &lt;span class=&quot;l-Scalar-Plain&quot;&gt;bio&lt;/span&gt;&lt;span class=&quot;p-Indicator&quot;&gt;:&lt;/span&gt; &lt;span class=&quot;s&quot;&gt;&amp;quot;I&lt;/span&gt;&lt;span class=&quot;nv&quot;&gt; &lt;/span&gt;&lt;span class=&quot;s&quot;&gt;ordered&lt;/span&gt;&lt;span class=&quot;nv&quot;&gt; &lt;/span&gt;&lt;span class=&quot;s&quot;&gt;what?&amp;quot;&lt;/span&gt;
  &lt;span class=&quot;l-Scalar-Plain&quot;&gt;avatar&lt;/span&gt;&lt;span class=&quot;p-Indicator&quot;&gt;:&lt;/span&gt; &lt;span class=&quot;l-Scalar-Plain&quot;&gt;bio-photo.jpg&lt;/span&gt;
  &lt;span class=&quot;l-Scalar-Plain&quot;&gt;twitter&lt;/span&gt;&lt;span class=&quot;p-Indicator&quot;&gt;:&lt;/span&gt; &lt;span class=&quot;l-Scalar-Plain&quot;&gt;rhymeswithsackit&lt;/span&gt;
  &lt;span class=&quot;l-Scalar-Plain&quot;&gt;google&lt;/span&gt;&lt;span class=&quot;p-Indicator&quot;&gt;:&lt;/span&gt;
    &lt;span class=&quot;l-Scalar-Plain&quot;&gt;plus&lt;/span&gt;&lt;span class=&quot;p-Indicator&quot;&gt;:&lt;/span&gt; &lt;span class=&quot;l-Scalar-Plain&quot;&gt;CorneliusFiddlebone&lt;/span&gt;&lt;/code&gt;&lt;/pre&gt;&lt;/div&gt;

&lt;p&gt;To assign Billy Rick as an author for our post. You’d add the following YAML front matter to a post:&lt;/p&gt;

&lt;div class=&quot;highlight&quot;&gt;&lt;pre&gt;&lt;code class=&quot;language-yaml&quot; data-lang=&quot;yaml&quot;&gt;&lt;span class=&quot;l-Scalar-Plain&quot;&gt;author&lt;/span&gt;&lt;span class=&quot;p-Indicator&quot;&gt;:&lt;/span&gt; &lt;span class=&quot;l-Scalar-Plain&quot;&gt;billy_rick&lt;/span&gt;&lt;/code&gt;&lt;/pre&gt;&lt;/div&gt;

    &lt;p&gt;&lt;a href=&quot;http://localhost:4000/articles/author-override/&quot;&gt;Override Author Byline Test Post&lt;/a&gt; was originally published by Alex Golubev at &lt;a href=&quot;http://localhost:4000&quot;&gt;Keep On Moving&lt;/a&gt; on June 19, 2014.&lt;/p&gt;
  </content>
</entry>


  

<entry>
  <title type="html"><![CDATA[Syntax Highlighting Post]]></title>
  <link rel="alternate" type="text/html" href="http://localhost:4000/articles/code-highlighting-post/" />
  <id>http://localhost:4000/articles/code-highlighting-post</id>
  <published>2013-08-16T00:00:00-04:00</published>
  <updated>2013-08-16T00:00:00-04:00</updated>
  <author>
    <name>Alex Golubev</name>
    <uri>http://localhost:4000</uri>
    <email>alexander.golubev@gmail.com</email>
  </author>
  <content type="html">
    &lt;p&gt;Syntax highlighting is a feature that displays source code, in different colors and fonts according to the category of terms. This feature facilitates writing in a structured language such as a programming language or a markup language as both structures and syntax errors are visually distinct. Highlighting does not affect the meaning of the text itself; it is intended only for human readers.&lt;sup id=&quot;fnref:1&quot;&gt;&lt;a href=&quot;#fn:1&quot; class=&quot;footnote&quot;&gt;1&lt;/a&gt;&lt;/sup&gt;&lt;/p&gt;

&lt;h3 id=&quot;pygments-or-rouge-code-blocks&quot;&gt;Pygments or Rouge Code Blocks&lt;/h3&gt;

&lt;p&gt;To modify styling and highlight colors edit &lt;code&gt;/_sass/_syntax.scss&lt;/code&gt;.&lt;/p&gt;

&lt;div class=&quot;highlight&quot;&gt;&lt;pre&gt;&lt;code class=&quot;language-css&quot; data-lang=&quot;css&quot;&gt;&lt;span class=&quot;nf&quot;&gt;#container&lt;/span&gt; &lt;span class=&quot;p&quot;&gt;{&lt;/span&gt;
  &lt;span class=&quot;k&quot;&gt;float&lt;/span&gt;&lt;span class=&quot;o&quot;&gt;:&lt;/span&gt; &lt;span class=&quot;k&quot;&gt;left&lt;/span&gt;&lt;span class=&quot;p&quot;&gt;;&lt;/span&gt;
  &lt;span class=&quot;k&quot;&gt;margin&lt;/span&gt;&lt;span class=&quot;o&quot;&gt;:&lt;/span&gt; &lt;span class=&quot;m&quot;&gt;0&lt;/span&gt; &lt;span class=&quot;m&quot;&gt;-240px&lt;/span&gt; &lt;span class=&quot;m&quot;&gt;0&lt;/span&gt; &lt;span class=&quot;m&quot;&gt;0&lt;/span&gt;&lt;span class=&quot;p&quot;&gt;;&lt;/span&gt;
  &lt;span class=&quot;k&quot;&gt;width&lt;/span&gt;&lt;span class=&quot;o&quot;&gt;:&lt;/span&gt; &lt;span class=&quot;m&quot;&gt;100%&lt;/span&gt;&lt;span class=&quot;p&quot;&gt;;&lt;/span&gt;
&lt;span class=&quot;p&quot;&gt;}&lt;/span&gt;&lt;/code&gt;&lt;/pre&gt;&lt;/div&gt;

&lt;div class=&quot;highlight&quot;&gt;&lt;pre&gt;&lt;code class=&quot;language-html&quot; data-lang=&quot;html&quot;&gt;&lt;span class=&quot;nt&quot;&gt;&amp;lt;nav&lt;/span&gt; &lt;span class=&quot;na&quot;&gt;class=&lt;/span&gt;&lt;span class=&quot;s&quot;&gt;&amp;quot;pagination&amp;quot;&lt;/span&gt; &lt;span class=&quot;na&quot;&gt;role=&lt;/span&gt;&lt;span class=&quot;s&quot;&gt;&amp;quot;navigation&amp;quot;&lt;/span&gt;&lt;span class=&quot;nt&quot;&gt;&amp;gt;&lt;/span&gt;
    {% if page.previous %}
        &lt;span class=&quot;nt&quot;&gt;&amp;lt;a&lt;/span&gt; &lt;span class=&quot;na&quot;&gt;href=&lt;/span&gt;&lt;span class=&quot;s&quot;&gt;&amp;quot;{{ site.url }}{{ page.previous.url }}&amp;quot;&lt;/span&gt; &lt;span class=&quot;na&quot;&gt;class=&lt;/span&gt;&lt;span class=&quot;s&quot;&gt;&amp;quot;btn&amp;quot;&lt;/span&gt; &lt;span class=&quot;na&quot;&gt;title=&lt;/span&gt;&lt;span class=&quot;s&quot;&gt;&amp;quot;{{ page.previous.title }}&amp;quot;&lt;/span&gt;&lt;span class=&quot;nt&quot;&gt;&amp;gt;&lt;/span&gt;Previous article&lt;span class=&quot;nt&quot;&gt;&amp;lt;/a&amp;gt;&lt;/span&gt;
    {% endif %}
    {% if page.next %}
        &lt;span class=&quot;nt&quot;&gt;&amp;lt;a&lt;/span&gt; &lt;span class=&quot;na&quot;&gt;href=&lt;/span&gt;&lt;span class=&quot;s&quot;&gt;&amp;quot;{{ site.url }}{{ page.next.url }}&amp;quot;&lt;/span&gt; &lt;span class=&quot;na&quot;&gt;class=&lt;/span&gt;&lt;span class=&quot;s&quot;&gt;&amp;quot;btn&amp;quot;&lt;/span&gt; &lt;span class=&quot;na&quot;&gt;title=&lt;/span&gt;&lt;span class=&quot;s&quot;&gt;&amp;quot;{{ page.next.title }}&amp;quot;&lt;/span&gt;&lt;span class=&quot;nt&quot;&gt;&amp;gt;&lt;/span&gt;Next article&lt;span class=&quot;nt&quot;&gt;&amp;lt;/a&amp;gt;&lt;/span&gt;
    {% endif %}
&lt;span class=&quot;nt&quot;&gt;&amp;lt;/nav&amp;gt;&lt;/span&gt;&lt;span class=&quot;c&quot;&gt;&amp;lt;!-- /.pagination --&amp;gt;&lt;/span&gt;&lt;/code&gt;&lt;/pre&gt;&lt;/div&gt;

&lt;div class=&quot;highlight&quot;&gt;&lt;pre&gt;&lt;code class=&quot;language-ruby&quot; data-lang=&quot;ruby&quot;&gt;&lt;span class=&quot;k&quot;&gt;module&lt;/span&gt; &lt;span class=&quot;nn&quot;&gt;Jekyll&lt;/span&gt;
  &lt;span class=&quot;k&quot;&gt;class&lt;/span&gt; &lt;span class=&quot;nc&quot;&gt;TagIndex&lt;/span&gt; &lt;span class=&quot;o&quot;&gt;&amp;lt;&lt;/span&gt; &lt;span class=&quot;no&quot;&gt;Page&lt;/span&gt;
    &lt;span class=&quot;k&quot;&gt;def&lt;/span&gt; &lt;span class=&quot;nf&quot;&gt;initialize&lt;/span&gt;&lt;span class=&quot;p&quot;&gt;(&lt;/span&gt;&lt;span class=&quot;n&quot;&gt;site&lt;/span&gt;&lt;span class=&quot;p&quot;&gt;,&lt;/span&gt; &lt;span class=&quot;n&quot;&gt;base&lt;/span&gt;&lt;span class=&quot;p&quot;&gt;,&lt;/span&gt; &lt;span class=&quot;n&quot;&gt;dir&lt;/span&gt;&lt;span class=&quot;p&quot;&gt;,&lt;/span&gt; &lt;span class=&quot;n&quot;&gt;tag&lt;/span&gt;&lt;span class=&quot;p&quot;&gt;)&lt;/span&gt;
      &lt;span class=&quot;vi&quot;&gt;@site&lt;/span&gt; &lt;span class=&quot;o&quot;&gt;=&lt;/span&gt; &lt;span class=&quot;n&quot;&gt;site&lt;/span&gt;
      &lt;span class=&quot;vi&quot;&gt;@base&lt;/span&gt; &lt;span class=&quot;o&quot;&gt;=&lt;/span&gt; &lt;span class=&quot;n&quot;&gt;base&lt;/span&gt;
      &lt;span class=&quot;vi&quot;&gt;@dir&lt;/span&gt; &lt;span class=&quot;o&quot;&gt;=&lt;/span&gt; &lt;span class=&quot;n&quot;&gt;dir&lt;/span&gt;
      &lt;span class=&quot;vi&quot;&gt;@name&lt;/span&gt; &lt;span class=&quot;o&quot;&gt;=&lt;/span&gt; &lt;span class=&quot;s1&quot;&gt;&amp;#39;index.html&amp;#39;&lt;/span&gt;
      &lt;span class=&quot;nb&quot;&gt;self&lt;/span&gt;&lt;span class=&quot;o&quot;&gt;.&lt;/span&gt;&lt;span class=&quot;n&quot;&gt;process&lt;/span&gt;&lt;span class=&quot;p&quot;&gt;(&lt;/span&gt;&lt;span class=&quot;vi&quot;&gt;@name&lt;/span&gt;&lt;span class=&quot;p&quot;&gt;)&lt;/span&gt;
      &lt;span class=&quot;nb&quot;&gt;self&lt;/span&gt;&lt;span class=&quot;o&quot;&gt;.&lt;/span&gt;&lt;span class=&quot;n&quot;&gt;read_yaml&lt;/span&gt;&lt;span class=&quot;p&quot;&gt;(&lt;/span&gt;&lt;span class=&quot;no&quot;&gt;File&lt;/span&gt;&lt;span class=&quot;o&quot;&gt;.&lt;/span&gt;&lt;span class=&quot;n&quot;&gt;join&lt;/span&gt;&lt;span class=&quot;p&quot;&gt;(&lt;/span&gt;&lt;span class=&quot;n&quot;&gt;base&lt;/span&gt;&lt;span class=&quot;p&quot;&gt;,&lt;/span&gt; &lt;span class=&quot;s1&quot;&gt;&amp;#39;_layouts&amp;#39;&lt;/span&gt;&lt;span class=&quot;p&quot;&gt;),&lt;/span&gt; &lt;span class=&quot;s1&quot;&gt;&amp;#39;tag_index.html&amp;#39;&lt;/span&gt;&lt;span class=&quot;p&quot;&gt;)&lt;/span&gt;
      &lt;span class=&quot;nb&quot;&gt;self&lt;/span&gt;&lt;span class=&quot;o&quot;&gt;.&lt;/span&gt;&lt;span class=&quot;n&quot;&gt;data&lt;/span&gt;&lt;span class=&quot;o&quot;&gt;[&lt;/span&gt;&lt;span class=&quot;s1&quot;&gt;&amp;#39;tag&amp;#39;&lt;/span&gt;&lt;span class=&quot;o&quot;&gt;]&lt;/span&gt; &lt;span class=&quot;o&quot;&gt;=&lt;/span&gt; &lt;span class=&quot;n&quot;&gt;tag&lt;/span&gt;
      &lt;span class=&quot;n&quot;&gt;tag_title_prefix&lt;/span&gt; &lt;span class=&quot;o&quot;&gt;=&lt;/span&gt; &lt;span class=&quot;n&quot;&gt;site&lt;/span&gt;&lt;span class=&quot;o&quot;&gt;.&lt;/span&gt;&lt;span class=&quot;n&quot;&gt;config&lt;/span&gt;&lt;span class=&quot;o&quot;&gt;[&lt;/span&gt;&lt;span class=&quot;s1&quot;&gt;&amp;#39;tag_title_prefix&amp;#39;&lt;/span&gt;&lt;span class=&quot;o&quot;&gt;]&lt;/span&gt; &lt;span class=&quot;o&quot;&gt;||&lt;/span&gt; &lt;span class=&quot;s1&quot;&gt;&amp;#39;Tagged: &amp;#39;&lt;/span&gt;
      &lt;span class=&quot;n&quot;&gt;tag_title_suffix&lt;/span&gt; &lt;span class=&quot;o&quot;&gt;=&lt;/span&gt; &lt;span class=&quot;n&quot;&gt;site&lt;/span&gt;&lt;span class=&quot;o&quot;&gt;.&lt;/span&gt;&lt;span class=&quot;n&quot;&gt;config&lt;/span&gt;&lt;span class=&quot;o&quot;&gt;[&lt;/span&gt;&lt;span class=&quot;s1&quot;&gt;&amp;#39;tag_title_suffix&amp;#39;&lt;/span&gt;&lt;span class=&quot;o&quot;&gt;]&lt;/span&gt; &lt;span class=&quot;o&quot;&gt;||&lt;/span&gt; &lt;span class=&quot;s1&quot;&gt;&amp;#39;&amp;amp;#8211;&amp;#39;&lt;/span&gt;
      &lt;span class=&quot;nb&quot;&gt;self&lt;/span&gt;&lt;span class=&quot;o&quot;&gt;.&lt;/span&gt;&lt;span class=&quot;n&quot;&gt;data&lt;/span&gt;&lt;span class=&quot;o&quot;&gt;[&lt;/span&gt;&lt;span class=&quot;s1&quot;&gt;&amp;#39;title&amp;#39;&lt;/span&gt;&lt;span class=&quot;o&quot;&gt;]&lt;/span&gt; &lt;span class=&quot;o&quot;&gt;=&lt;/span&gt; &lt;span class=&quot;s2&quot;&gt;&amp;quot;&lt;/span&gt;&lt;span class=&quot;si&quot;&gt;#{&lt;/span&gt;&lt;span class=&quot;n&quot;&gt;tag_title_prefix&lt;/span&gt;&lt;span class=&quot;si&quot;&gt;}#{&lt;/span&gt;&lt;span class=&quot;n&quot;&gt;tag&lt;/span&gt;&lt;span class=&quot;si&quot;&gt;}&lt;/span&gt;&lt;span class=&quot;s2&quot;&gt;&amp;quot;&lt;/span&gt;
      &lt;span class=&quot;nb&quot;&gt;self&lt;/span&gt;&lt;span class=&quot;o&quot;&gt;.&lt;/span&gt;&lt;span class=&quot;n&quot;&gt;data&lt;/span&gt;&lt;span class=&quot;o&quot;&gt;[&lt;/span&gt;&lt;span class=&quot;s1&quot;&gt;&amp;#39;description&amp;#39;&lt;/span&gt;&lt;span class=&quot;o&quot;&gt;]&lt;/span&gt; &lt;span class=&quot;o&quot;&gt;=&lt;/span&gt; &lt;span class=&quot;s2&quot;&gt;&amp;quot;An archive of posts tagged &lt;/span&gt;&lt;span class=&quot;si&quot;&gt;#{&lt;/span&gt;&lt;span class=&quot;n&quot;&gt;tag&lt;/span&gt;&lt;span class=&quot;si&quot;&gt;}&lt;/span&gt;&lt;span class=&quot;s2&quot;&gt;.&amp;quot;&lt;/span&gt;
    &lt;span class=&quot;k&quot;&gt;end&lt;/span&gt;
  &lt;span class=&quot;k&quot;&gt;end&lt;/span&gt;
&lt;span class=&quot;k&quot;&gt;end&lt;/span&gt;&lt;/code&gt;&lt;/pre&gt;&lt;/div&gt;

&lt;h3 id=&quot;standard-code-block&quot;&gt;Standard Code Block&lt;/h3&gt;

&lt;pre&gt;&lt;code&gt;&amp;lt;nav class=&quot;pagination&quot; role=&quot;navigation&quot;&amp;gt;
    {% if page.previous %}
        &amp;lt;a href=&quot;{{ site.url }}{{ page.previous.url }}&quot; class=&quot;btn&quot; title=&quot;{{ page.previous.title }}&quot;&amp;gt;Previous article&amp;lt;/a&amp;gt;
    {% endif %}
    {% if page.next %}
        &amp;lt;a href=&quot;{{ site.url }}{{ page.next.url }}&quot; class=&quot;btn&quot; title=&quot;{{ page.next.title }}&quot;&amp;gt;Next article&amp;lt;/a&amp;gt;
    {% endif %}
&amp;lt;/nav&amp;gt;&amp;lt;!-- /.pagination --&amp;gt;
&lt;/code&gt;&lt;/pre&gt;

&lt;h3 id=&quot;fenced-code-blocks&quot;&gt;Fenced Code Blocks&lt;/h3&gt;

&lt;p&gt;To modify styling and highlight colors edit &lt;code&gt;/_sass/_coderay.scss&lt;/code&gt;. Line numbers and a few other things can be modified in &lt;code&gt;_config.yml&lt;/code&gt;. Consult &lt;a href=&quot;http://jekyllrb.com/docs/configuration/&quot;&gt;Jekyll’s documentation&lt;/a&gt; for more information.&lt;/p&gt;

&lt;pre&gt;&lt;code class=&quot;language-css&quot;&gt;#container {
    float: left;
    margin: 0 -240px 0 0;
    width: 100%;
}
&lt;/code&gt;&lt;/pre&gt;

&lt;pre&gt;&lt;code class=&quot;language-html&quot;&gt;&amp;lt;nav class=&quot;pagination&quot; role=&quot;navigation&quot;&amp;gt;
    {% if page.previous %}
        &amp;lt;a href=&quot;{{ site.url }}{{ page.previous.url }}&quot; class=&quot;btn&quot; title=&quot;{{ page.previous.title }}&quot;&amp;gt;Previous article&amp;lt;/a&amp;gt;
    {% endif %}
    {% if page.next %}
        &amp;lt;a href=&quot;{{ site.url }}{{ page.next.url }}&quot; class=&quot;btn&quot; title=&quot;{{ page.next.title }}&quot;&amp;gt;Next article&amp;lt;/a&amp;gt;
    {% endif %}
&amp;lt;/nav&amp;gt;&amp;lt;!-- /.pagination --&amp;gt;
&lt;/code&gt;&lt;/pre&gt;

&lt;pre&gt;&lt;code class=&quot;language-ruby&quot;&gt;module Jekyll
  class TagIndex &amp;lt; Page
    def initialize(site, base, dir, tag)
      @site = site
      @base = base
      @dir = dir
      @name = &#39;index.html&#39;
      self.process(@name)
      self.read_yaml(File.join(base, &#39;_layouts&#39;), &#39;tag_index.html&#39;)
      self.data[&#39;tag&#39;] = tag
      tag_title_prefix = site.config[&#39;tag_title_prefix&#39;] || &#39;Tagged: &#39;
      tag_title_suffix = site.config[&#39;tag_title_suffix&#39;] || &#39;&amp;amp;#8211;&#39;
      self.data[&#39;title&#39;] = &quot;#{tag_title_prefix}#{tag}&quot;
      self.data[&#39;description&#39;] = &quot;An archive of posts tagged #{tag}.&quot;
    end
  end
end
&lt;/code&gt;&lt;/pre&gt;
&lt;div class=&quot;footnotes&quot;&gt;
  &lt;ol&gt;
    &lt;li id=&quot;fn:1&quot;&gt;
      &lt;p&gt;&lt;a href=&quot;http://en.wikipedia.org/wiki/Syntax_highlighting&quot;&gt;http://en.wikipedia.org/wiki/Syntax_highlighting&lt;/a&gt; &lt;a href=&quot;#fnref:1&quot; class=&quot;reversefootnote&quot;&gt;&amp;#8617;&lt;/a&gt;&lt;/p&gt;
    &lt;/li&gt;
  &lt;/ol&gt;
&lt;/div&gt;

    &lt;p&gt;&lt;a href=&quot;http://localhost:4000/articles/code-highlighting-post/&quot;&gt;Syntax Highlighting Post&lt;/a&gt; was originally published by Alex Golubev at &lt;a href=&quot;http://localhost:4000&quot;&gt;Keep On Moving&lt;/a&gt; on August 16, 2013.&lt;/p&gt;
  </content>
</entry>


  

<entry>
  <title type="html"><![CDATA[Sample Link Post]]></title>
  <link rel="alternate" type="text/html" href="http://localhost:4000/articles/sample-link-post/" />
  <id>http://localhost:4000/articles/sample-link-post</id>
  <published>2013-08-12T00:00:00-04:00</published>
  <updated>2013-08-12T00:00:00-04:00</updated>
  <author>
    <name>Alex Golubev</name>
    <uri>http://localhost:4000</uri>
    <email>alexander.golubev@gmail.com</email>
  </author>
  <content type="html">
    &lt;p&gt;So Simple Theme now supports &lt;strong&gt;link posts&lt;/strong&gt;, made famous by John Gruber. To activate just add &lt;code&gt;link: http://url-you-want-linked&lt;/code&gt; to the post’s YAML front matter and you’re done.&lt;/p&gt;

    &lt;p&gt;&lt;a href=&quot;http://localhost:4000/articles/sample-link-post/&quot;&gt;Sample Link Post&lt;/a&gt; was originally published by Alex Golubev at &lt;a href=&quot;http://localhost:4000&quot;&gt;Keep On Moving&lt;/a&gt; on August 12, 2013.&lt;/p&gt;
  </content>
</entry>


  

<entry>
  <title type="html"><![CDATA[A Post with a Video]]></title>
  <link rel="alternate" type="text/html" href="http://localhost:4000/articles/video-post/" />
  <id>http://localhost:4000/articles/video-post</id>
  <published>2013-06-25T00:00:00-04:00</published>
  <updated>2013-06-25T00:00:00-04:00</updated>
  <author>
    <name>Alex Golubev</name>
    <uri>http://localhost:4000</uri>
    <email>alexander.golubev@gmail.com</email>
  </author>
  <content type="html">
    &lt;iframe width=&quot;560&quot; height=&quot;315&quot; src=&quot;//www.youtube.com/embed/pdSp4Y4GOQs&quot; frameborder=&quot;0&quot;&gt; &lt;/iframe&gt;

&lt;p&gt;Video embeds are responsive and scale with the width of the main content block with the help of &lt;a href=&quot;http://fitvidsjs.com/&quot;&gt;FitVids&lt;/a&gt;.&lt;/p&gt;

&lt;p&gt;Not sure if this only effects Kramdown or if it’s an issue with Markdown in general. But adding YouTube video embeds causes errors when building your Jekyll site. To fix add a space between the &lt;code&gt;&amp;lt;iframe&amp;gt;&lt;/code&gt; tags and remove &lt;code&gt;allowfullscreen&lt;/code&gt;. Example below:&lt;/p&gt;

&lt;div class=&quot;highlight&quot;&gt;&lt;pre&gt;&lt;code class=&quot;language-html&quot; data-lang=&quot;html&quot;&gt;&lt;span class=&quot;nt&quot;&gt;&amp;lt;iframe&lt;/span&gt; &lt;span class=&quot;na&quot;&gt;width=&lt;/span&gt;&lt;span class=&quot;s&quot;&gt;&amp;quot;560&amp;quot;&lt;/span&gt; &lt;span class=&quot;na&quot;&gt;height=&lt;/span&gt;&lt;span class=&quot;s&quot;&gt;&amp;quot;315&amp;quot;&lt;/span&gt; &lt;span class=&quot;na&quot;&gt;src=&lt;/span&gt;&lt;span class=&quot;s&quot;&gt;&amp;quot;http://www.youtube.com/embed/PWf4WUoMXwg&amp;quot;&lt;/span&gt; &lt;span class=&quot;na&quot;&gt;frameborder=&lt;/span&gt;&lt;span class=&quot;s&quot;&gt;&amp;quot;0&amp;quot;&lt;/span&gt;&lt;span class=&quot;nt&quot;&gt;&amp;gt;&lt;/span&gt; &lt;span class=&quot;nt&quot;&gt;&amp;lt;/iframe&amp;gt;&lt;/span&gt;&lt;/code&gt;&lt;/pre&gt;&lt;/div&gt;

&lt;p&gt;And here’s a Vimeo embed for testing purposes.&lt;/p&gt;

&lt;iframe src=&quot;//player.vimeo.com/video/98146708?title=0&amp;amp;byline=0&quot; width=&quot;500&quot; height=&quot;281&quot; frameborder=&quot;0&quot;&gt; &lt;/iframe&gt;

    &lt;p&gt;&lt;a href=&quot;http://localhost:4000/articles/video-post/&quot;&gt;A Post with a Video&lt;/a&gt; was originally published by Alex Golubev at &lt;a href=&quot;http://localhost:4000&quot;&gt;Keep On Moving&lt;/a&gt; on June 25, 2013.&lt;/p&gt;
  </content>
</entry>


  

<entry>
  <title type="html"><![CDATA[Post with Large Feature Image and Text]]></title>
  <link rel="alternate" type="text/html" href="http://localhost:4000/articles/readability-feature-post/" />
  <id>http://localhost:4000/articles/readability-feature-post</id>
  <updated>2013-06-30T00:00:00-00:00</updated>
  <published>2013-05-23T00:00:00-04:00</published>
  
  <author>
    <name>Alex Golubev</name>
    <uri>http://localhost:4000</uri>
    <email>alexander.golubev@gmail.com</email>
  </author>
  <content type="html">
    &lt;p&gt;This is a sample post with a large feature image up top and tons of text. Odio ad blue bottle vinyl, 90’s narwhal commodo bitters pour-over nostrud. Ugh est hashtag in, fingerstache adipisicing laboris esse Pinterest shabby chic Portland. Shoreditch bicycle rights anim, flexitarian laboris put a bird on it vinyl cupidatat narwhal. Hashtag artisan skateboard, flannel Bushwick nesciunt salvia aute fixie do plaid post-ironic dolor McSweeney’s. Cliche pour-over chambray nulla four loko skateboard sapiente hashtag.&lt;/p&gt;

&lt;p&gt;Vero laborum commodo occupy. Semiotics voluptate mumblecore pug. Cosby sweater ullamco quinoa ennui assumenda, sapiente occupy delectus lo-fi. Ea fashion axe Marfa cillum aliquip. Retro Bushwick keytar cliche. Before they sold out sustainable gastropub Marfa readymade, ethical Williamsburg skateboard brunch qui consectetur gentrify semiotics. Mustache cillum irony, fingerstache magna pour-over keffiyeh tousled selfies.&lt;/p&gt;

&lt;h2 id=&quot;cupidatat-90s-lo-fi-authentic-try-hard&quot;&gt;Cupidatat 90’s lo-fi authentic try-hard&lt;/h2&gt;

&lt;p&gt;In pug Portland incididunt mlkshk put a bird on it vinyl quinoa. Terry Richardson shabby chic +1, scenester Tonx excepteur tempor fugiat voluptate fingerstache aliquip nisi next level. Farm-to-table hashtag Truffaut, Odd Future ex meggings gentrify single-origin coffee try-hard 90’s. &lt;/p&gt;

&lt;ul&gt;
  &lt;li&gt;Sartorial hoodie &lt;/li&gt;
  &lt;li&gt;Labore viral forage&lt;/li&gt;
  &lt;li&gt;Tote bag selvage &lt;/li&gt;
  &lt;li&gt;DIY exercitation et id ugh tumblr church-key&lt;/li&gt;
&lt;/ul&gt;

&lt;p&gt;Incididunt umami sriracha, ethical fugiat VHS ex assumenda yr irure direct trade. Marfa Truffaut bicycle rights, kitsch placeat Etsy kogi asymmetrical. Beard locavore flexitarian, kitsch photo booth hoodie plaid ethical readymade leggings yr.&lt;/p&gt;

&lt;p&gt;Aesthetic odio dolore, meggings disrupt qui readymade stumptown brunch Terry Richardson pour-over gluten-free. Banksy american apparel in selfies, biodiesel flexitarian organic meh wolf quinoa gentrify banjo kogi. Readymade tofu ex, scenester dolor umami fingerstache occaecat fashion axe Carles jean shorts minim. Keffiyeh fashion axe nisi Godard mlkshk dolore. Lomo you probably haven’t heard of them eu non, Odd Future Truffaut pug keytar meggings McSweeney’s Pinterest cred. Etsy literally aute esse, eu bicycle rights qui meggings fanny pack. Gentrify leggings pug flannel duis.&lt;/p&gt;

&lt;h2 id=&quot;forage-occaecat-cardigan-qui&quot;&gt;Forage occaecat cardigan qui&lt;/h2&gt;

&lt;p&gt;Fashion axe hella gastropub lo-fi kogi 90’s aliquip +1 veniam delectus tousled. Cred sriracha locavore gastropub kale chips, iPhone mollit sartorial. Anim dolore 8-bit, pork belly dolor photo booth aute flannel small batch. Dolor disrupt ennui, tattooed whatever salvia Banksy sartorial roof party selfies raw denim sint meh pour-over. Ennui eu cardigan sint, gentrify iPhone cornhole. &lt;/p&gt;

&lt;blockquote&gt;
  &lt;p&gt;Whatever velit occaecat quis deserunt gastropub, leggings elit tousled roof party 3 wolf moon kogi pug blue bottle ea. Fashion axe shabby chic Austin quinoa pickled laborum bitters next level, disrupt deep v accusamus non fingerstache.&lt;/p&gt;
&lt;/blockquote&gt;

&lt;p&gt;Tote bag asymmetrical elit sunt. Occaecat authentic Marfa, hella McSweeney’s next level irure veniam master cleanse. Sed hoodie letterpress artisan wolf leggings, 3 wolf moon commodo ullamco. Anim occupy ea labore Terry Richardson. Tofu ex master cleanse in whatever pitchfork banh mi, occupy fugiat fanny pack Austin authentic. Magna fugiat 3 wolf moon, labore McSweeney’s sustainable vero consectetur. Gluten-free disrupt enim, aesthetic fugiat jean shorts trust fund keffiyeh magna try-hard.&lt;/p&gt;

&lt;h2 id=&quot;hoodie-duis&quot;&gt;Hoodie Duis&lt;/h2&gt;

&lt;p&gt;Actually salvia consectetur, hoodie duis lomo YOLO sunt sriracha. Aute pop-up brunch farm-to-table odio, salvia irure occaecat. Sriracha small batch literally skateboard. Echo Park nihil hoodie, aliquip forage artisan laboris. Trust fund reprehenderit nulla locavore. Stumptown raw denim kitsch, keffiyeh nulla twee dreamcatcher fanny pack ullamco 90’s pop-up est culpa farm-to-table. Selfies 8-bit do pug odio.&lt;/p&gt;

&lt;h3 id=&quot;thundercats-ho&quot;&gt;Thundercats Ho!&lt;/h3&gt;

&lt;p&gt;Fingerstache thundercats Williamsburg, deep v scenester Banksy ennui vinyl selfies mollit biodiesel duis odio pop-up. Banksy 3 wolf moon try-hard, sapiente enim stumptown deep v ad letterpress. Squid beard brunch, exercitation raw denim yr sint direct trade. Raw denim narwhal id, flannel DIY McSweeney’s seitan. Letterpress artisan bespoke accusamus, meggings laboris consequat Truffaut qui in seitan. Sustainable cornhole Schlitz, twee Cosby sweater banh mi deep v forage letterpress flannel whatever keffiyeh. Sartorial cred irure, semiotics ethical sed blue bottle nihil letterpress.&lt;/p&gt;

&lt;p&gt;Occupy et selvage squid, pug brunch blog nesciunt hashtag mumblecore skateboard yr kogi. Ugh small batch swag four loko. Fap post-ironic qui tote bag farm-to-table american apparel scenester keffiyeh vero, swag non pour-over gentrify authentic pitchfork. Schlitz scenester lo-fi voluptate, tote bag irony bicycle rights pariatur vero Vice freegan wayfarers exercitation nisi shoreditch. Chambray tofu vero sed. Street art swag literally leggings, Cosby sweater mixtape PBR lomo Banksy non in pitchfork ennui McSweeney’s selfies. Odd Future Banksy non authentic.&lt;/p&gt;

&lt;p&gt;Aliquip enim artisan dolor post-ironic. Pug tote bag Marfa, deserunt pour-over Portland wolf eu odio intelligentsia american apparel ugh ea. Sunt viral et, 3 wolf moon gastropub pug id. Id fashion axe est typewriter, mlkshk Portland art party aute brunch. Sint pork belly Cosby sweater, deep v mumblecore kitsch american apparel. Try-hard direct trade tumblr sint skateboard. Adipisicing bitters excepteur biodiesel, pickled gastropub aute veniam.&lt;/p&gt;

    &lt;p&gt;&lt;a href=&quot;http://localhost:4000/articles/readability-feature-post/&quot;&gt;Post with Large Feature Image and Text&lt;/a&gt; was originally published by Alex Golubev at &lt;a href=&quot;http://localhost:4000&quot;&gt;Keep On Moving&lt;/a&gt; on May 23, 2013.&lt;/p&gt;
  </content>
</entry>


  

<entry>
  <title type="html"><![CDATA[A Post with Images]]></title>
  <link rel="alternate" type="text/html" href="http://localhost:4000/articles/sample-post-images/" />
  <id>http://localhost:4000/articles/sample-post-images</id>
  <published>2013-05-22T00:00:00-04:00</published>
  <updated>2013-05-22T00:00:00-04:00</updated>
  <author>
    <name>Alex Golubev</name>
    <uri>http://localhost:4000</uri>
    <email>alexander.golubev@gmail.com</email>
  </author>
  <content type="html">
    &lt;p&gt;Here are some examples of what a post with images might look like. If you want to display two or three images next to each other responsively use &lt;code&gt;figure&lt;/code&gt; with the appropriate &lt;code&gt;class&lt;/code&gt;. Each instance of &lt;code&gt;figure&lt;/code&gt; is auto-numbered and displayed in the caption.&lt;/p&gt;

&lt;h2 id=&quot;figures-for-images-or-video&quot;&gt;Figures (for images or video)&lt;/h2&gt;

&lt;h3 id=&quot;one-up&quot;&gt;One Up&lt;/h3&gt;

&lt;figure&gt;
	&lt;a href=&quot;http://farm9.staticflickr.com/8426/7758832526_cc8f681e48_b.jpg&quot;&gt;&lt;img src=&quot;http://farm9.staticflickr.com/8426/7758832526_cc8f681e48_c.jpg&quot; alt=&quot;image&quot; /&gt;&lt;/a&gt;
	&lt;figcaption&gt;&lt;a href=&quot;http://www.flickr.com/photos/80901381@N04/7758832526/&quot; title=&quot;Morning Fog Emerging From Trees by A Guy Taking Pictures, on Flickr&quot;&gt;Morning Fog Emerging From Trees by A Guy Taking Pictures, on Flickr&lt;/a&gt;.&lt;/figcaption&gt;
&lt;/figure&gt;

&lt;h3 id=&quot;two-up&quot;&gt;Two Up&lt;/h3&gt;

&lt;p&gt;Apply the &lt;code&gt;half&lt;/code&gt; class like so to display two images side by side that share the same caption.&lt;/p&gt;

&lt;div class=&quot;highlight&quot;&gt;&lt;pre&gt;&lt;code class=&quot;language-html&quot; data-lang=&quot;html&quot;&gt;&lt;span class=&quot;nt&quot;&gt;&amp;lt;figure&lt;/span&gt; &lt;span class=&quot;na&quot;&gt;class=&lt;/span&gt;&lt;span class=&quot;s&quot;&gt;&amp;quot;half&amp;quot;&lt;/span&gt;&lt;span class=&quot;nt&quot;&gt;&amp;gt;&lt;/span&gt;
	&lt;span class=&quot;nt&quot;&gt;&amp;lt;img&lt;/span&gt; &lt;span class=&quot;na&quot;&gt;src=&lt;/span&gt;&lt;span class=&quot;s&quot;&gt;&amp;quot;/images/image-filename-1.jpg&amp;quot;&lt;/span&gt; &lt;span class=&quot;na&quot;&gt;alt=&lt;/span&gt;&lt;span class=&quot;s&quot;&gt;&amp;quot;image&amp;quot;&lt;/span&gt;&lt;span class=&quot;nt&quot;&gt;&amp;gt;&lt;/span&gt;
	&lt;span class=&quot;nt&quot;&gt;&amp;lt;img&lt;/span&gt; &lt;span class=&quot;na&quot;&gt;src=&lt;/span&gt;&lt;span class=&quot;s&quot;&gt;&amp;quot;/images/image-filename-2.jpg&amp;quot;&lt;/span&gt; &lt;span class=&quot;na&quot;&gt;alt=&lt;/span&gt;&lt;span class=&quot;s&quot;&gt;&amp;quot;image&amp;quot;&lt;/span&gt;&lt;span class=&quot;nt&quot;&gt;&amp;gt;&lt;/span&gt;
	&lt;span class=&quot;nt&quot;&gt;&amp;lt;figcaption&amp;gt;&lt;/span&gt;Caption describing these two images.&lt;span class=&quot;nt&quot;&gt;&amp;lt;/figcaption&amp;gt;&lt;/span&gt;
&lt;span class=&quot;nt&quot;&gt;&amp;lt;/figure&amp;gt;&lt;/span&gt;&lt;/code&gt;&lt;/pre&gt;&lt;/div&gt;

&lt;p&gt;And you’ll get something that looks like this:&lt;/p&gt;

&lt;figure class=&quot;half&quot;&gt;
	&lt;a href=&quot;http://placehold.it/1200x600.jpg&quot;&gt;&lt;img src=&quot;http://placehold.it/600x300.jpg&quot; alt=&quot;image&quot; /&gt;&lt;/a&gt;
	&lt;a href=&quot;http://placehold.it/1200x600.jpg&quot;&gt;&lt;img src=&quot;http://placehold.it/600x300.jpg&quot; alt=&quot;image&quot; /&gt;&lt;/a&gt;
	&lt;img src=&quot;http://placehold.it/600x300.jpg&quot; alt=&quot;image&quot; /&gt;
	&lt;img src=&quot;http://placehold.it/600x300.jpg&quot; alt=&quot;image&quot; /&gt;
	&lt;figcaption&gt;Two images.&lt;/figcaption&gt;
&lt;/figure&gt;

&lt;h3 id=&quot;three-up&quot;&gt;Three Up&lt;/h3&gt;

&lt;p&gt;Apply the &lt;code&gt;third&lt;/code&gt; class like so to display three images side by side that share the same caption.&lt;/p&gt;

&lt;div class=&quot;highlight&quot;&gt;&lt;pre&gt;&lt;code class=&quot;language-html&quot; data-lang=&quot;html&quot;&gt;&lt;span class=&quot;nt&quot;&gt;&amp;lt;figure&lt;/span&gt; &lt;span class=&quot;na&quot;&gt;class=&lt;/span&gt;&lt;span class=&quot;s&quot;&gt;&amp;quot;third&amp;quot;&lt;/span&gt;&lt;span class=&quot;nt&quot;&gt;&amp;gt;&lt;/span&gt;
	&lt;span class=&quot;nt&quot;&gt;&amp;lt;a&lt;/span&gt; &lt;span class=&quot;na&quot;&gt;href=&lt;/span&gt;&lt;span class=&quot;s&quot;&gt;&amp;quot;http://placehold.it/1200x600.jpg&amp;quot;&lt;/span&gt;&lt;span class=&quot;nt&quot;&gt;&amp;gt;&amp;lt;img&lt;/span&gt; &lt;span class=&quot;na&quot;&gt;src=&lt;/span&gt;&lt;span class=&quot;s&quot;&gt;&amp;quot;http://placehold.it/600x300.jpg&amp;quot;&lt;/span&gt; &lt;span class=&quot;na&quot;&gt;alt=&lt;/span&gt;&lt;span class=&quot;s&quot;&gt;&amp;quot;image&amp;quot;&lt;/span&gt;&lt;span class=&quot;nt&quot;&gt;&amp;gt;&amp;lt;/a&amp;gt;&lt;/span&gt;
	&lt;span class=&quot;nt&quot;&gt;&amp;lt;a&lt;/span&gt; &lt;span class=&quot;na&quot;&gt;href=&lt;/span&gt;&lt;span class=&quot;s&quot;&gt;&amp;quot;http://placehold.it/1200x600.jpg&amp;quot;&lt;/span&gt;&lt;span class=&quot;nt&quot;&gt;&amp;gt;&amp;lt;img&lt;/span&gt; &lt;span class=&quot;na&quot;&gt;src=&lt;/span&gt;&lt;span class=&quot;s&quot;&gt;&amp;quot;http://placehold.it/600x300.jpg&amp;quot;&lt;/span&gt; &lt;span class=&quot;na&quot;&gt;alt=&lt;/span&gt;&lt;span class=&quot;s&quot;&gt;&amp;quot;image&amp;quot;&lt;/span&gt;&lt;span class=&quot;nt&quot;&gt;&amp;gt;&amp;lt;/a&amp;gt;&lt;/span&gt;
	&lt;span class=&quot;nt&quot;&gt;&amp;lt;a&lt;/span&gt; &lt;span class=&quot;na&quot;&gt;href=&lt;/span&gt;&lt;span class=&quot;s&quot;&gt;&amp;quot;http://placehold.it/1200x600.jpg&amp;quot;&lt;/span&gt;&lt;span class=&quot;nt&quot;&gt;&amp;gt;&amp;lt;img&lt;/span&gt; &lt;span class=&quot;na&quot;&gt;src=&lt;/span&gt;&lt;span class=&quot;s&quot;&gt;&amp;quot;http://placehold.it/600x300.jpg&amp;quot;&lt;/span&gt; &lt;span class=&quot;na&quot;&gt;alt=&lt;/span&gt;&lt;span class=&quot;s&quot;&gt;&amp;quot;image&amp;quot;&lt;/span&gt;&lt;span class=&quot;nt&quot;&gt;&amp;gt;&amp;lt;/a&amp;gt;&lt;/span&gt;
	&lt;span class=&quot;nt&quot;&gt;&amp;lt;figcaption&amp;gt;&lt;/span&gt;Caption describing these three images.&lt;span class=&quot;nt&quot;&gt;&amp;lt;/figcaption&amp;gt;&lt;/span&gt;
&lt;span class=&quot;nt&quot;&gt;&amp;lt;/figure&amp;gt;&lt;/span&gt;&lt;/code&gt;&lt;/pre&gt;&lt;/div&gt;

&lt;p&gt;And you’ll get something that looks like this:&lt;/p&gt;

&lt;figure class=&quot;third&quot;&gt;
	&lt;a href=&quot;http://placehold.it/1200x600.jpg&quot;&gt;&lt;img src=&quot;http://placehold.it/600x300.jpg&quot; alt=&quot;image&quot; /&gt;&lt;/a&gt;
	&lt;a href=&quot;http://placehold.it/1200x600.jpg&quot;&gt;&lt;img src=&quot;http://placehold.it/600x300.jpg&quot; alt=&quot;image&quot; /&gt;&lt;/a&gt;
	&lt;a href=&quot;http://placehold.it/1200x600.jpg&quot;&gt;&lt;img src=&quot;http://placehold.it/600x300.jpg&quot; alt=&quot;image&quot; /&gt;&lt;/a&gt;
	&lt;a href=&quot;http://placehold.it/1200x600.jpg&quot;&gt;&lt;img src=&quot;http://placehold.it/600x300.jpg&quot; alt=&quot;image&quot; /&gt;&lt;/a&gt;
	&lt;a href=&quot;http://placehold.it/1200x600.jpg&quot;&gt;&lt;img src=&quot;http://placehold.it/600x300.jpg&quot; alt=&quot;image&quot; /&gt;&lt;/a&gt;
	&lt;a href=&quot;http://placehold.it/1200x600.jpg&quot;&gt;&lt;img src=&quot;http://placehold.it/600x300.jpg&quot; alt=&quot;image&quot; /&gt;&lt;/a&gt;
	&lt;figcaption&gt;Three images.&lt;/figcaption&gt;
&lt;/figure&gt;

    &lt;p&gt;&lt;a href=&quot;http://localhost:4000/articles/sample-post-images/&quot;&gt;A Post with Images&lt;/a&gt; was originally published by Alex Golubev at &lt;a href=&quot;http://localhost:4000&quot;&gt;Keep On Moving&lt;/a&gt; on May 22, 2013.&lt;/p&gt;
  </content>
</entry>


  

<entry>
  <title type="html"><![CDATA[Testing Readability with a Bunch of Text]]></title>
  <link rel="alternate" type="text/html" href="http://localhost:4000/articles/readability-post/" />
  <id>http://localhost:4000/articles/readability-post</id>
  <published>2012-05-22T00:00:00-04:00</published>
  <updated>2012-05-22T00:00:00-04:00</updated>
  <author>
    <name>Alex Golubev</name>
    <uri>http://localhost:4000</uri>
    <email>alexander.golubev@gmail.com</email>
  </author>
  <content type="html">
    &lt;p&gt;Portland in shoreditch Vice, labore typewriter pariatur hoodie fap sartorial Austin. Pinterest literally occupy Schlitz forage. Odio ad blue bottle vinyl, 90’s narwhal commodo bitters pour-over nostrud. Ugh est hashtag in, fingerstache adipisicing laboris esse Pinterest shabby chic Portland. Shoreditch bicycle rights anim, flexitarian laboris put a bird on it vinyl cupidatat narwhal. Hashtag artisan skateboard, flannel Bushwick nesciunt salvia aute fixie do plaid post-ironic dolor McSweeney’s. Cliche pour-over chambray nulla four loko skateboard sapiente hashtag.&lt;/p&gt;

&lt;p&gt;Vero laborum commodo occupy. Semiotics voluptate mumblecore pug. Cosby sweater ullamco quinoa ennui assumenda, sapiente occupy delectus lo-fi. Ea fashion axe Marfa cillum aliquip. Retro Bushwick keytar cliche. Before they sold out sustainable gastropub Marfa readymade, ethical Williamsburg skateboard brunch qui consectetur gentrify semiotics. Mustache cillum irony, fingerstache magna pour-over keffiyeh tousled selfies.&lt;/p&gt;

&lt;h2 id=&quot;cupidatat-90s-lo-fi-authentic-try-hard&quot;&gt;Cupidatat 90’s lo-fi authentic try-hard&lt;/h2&gt;

&lt;p&gt;In pug Portland incididunt mlkshk put a bird on it vinyl quinoa. Terry Richardson shabby chic +1, scenester Tonx excepteur tempor fugiat voluptate fingerstache aliquip nisi next level. Farm-to-table hashtag Truffaut, Odd Future ex meggings gentrify single-origin coffee try-hard 90’s. &lt;/p&gt;

&lt;ul&gt;
  &lt;li&gt;Sartorial hoodie &lt;/li&gt;
  &lt;li&gt;Labore viral forage&lt;/li&gt;
  &lt;li&gt;Tote bag selvage &lt;/li&gt;
  &lt;li&gt;DIY exercitation et id ugh tumblr church-key&lt;/li&gt;
&lt;/ul&gt;

&lt;p&gt;Incididunt umami sriracha, ethical fugiat VHS ex assumenda yr irure direct trade. Marfa Truffaut bicycle rights, kitsch placeat Etsy kogi asymmetrical. Beard locavore flexitarian, kitsch photo booth hoodie plaid ethical readymade leggings yr.&lt;/p&gt;

&lt;p&gt;Aesthetic odio dolore, meggings disrupt qui readymade stumptown brunch Terry Richardson pour-over gluten-free. Banksy american apparel in selfies, biodiesel flexitarian organic meh wolf quinoa gentrify banjo kogi. Readymade tofu ex, scenester dolor umami fingerstache occaecat fashion axe Carles jean shorts minim. Keffiyeh fashion axe nisi Godard mlkshk dolore. Lomo you probably haven’t heard of them eu non, Odd Future Truffaut pug keytar meggings McSweeney’s Pinterest cred. Etsy literally aute esse, eu bicycle rights qui meggings fanny pack. Gentrify leggings pug flannel duis.&lt;/p&gt;

&lt;h2 id=&quot;forage-occaecat-cardigan-qui&quot;&gt;Forage occaecat cardigan qui&lt;/h2&gt;

&lt;p&gt;Fashion axe hella gastropub lo-fi kogi 90’s aliquip +1 veniam delectus tousled. Cred sriracha locavore gastropub kale chips, iPhone mollit sartorial. Anim dolore 8-bit, pork belly dolor photo booth aute flannel small batch. Dolor disrupt ennui, tattooed whatever salvia Banksy sartorial roof party selfies raw denim sint meh pour-over. Ennui eu cardigan sint, gentrify iPhone cornhole. &lt;/p&gt;

&lt;blockquote&gt;
  &lt;p&gt;Whatever velit occaecat quis deserunt gastropub, leggings elit tousled roof party 3 wolf moon kogi pug blue bottle ea. Fashion axe shabby chic Austin quinoa pickled laborum bitters next level, disrupt deep v accusamus non fingerstache.&lt;/p&gt;
&lt;/blockquote&gt;

&lt;p&gt;Tote bag asymmetrical elit sunt. Occaecat authentic Marfa, hella McSweeney’s next level irure veniam master cleanse. Sed hoodie letterpress artisan wolf leggings, 3 wolf moon commodo ullamco. Anim occupy ea labore Terry Richardson. Tofu ex master cleanse in whatever pitchfork banh mi, occupy fugiat fanny pack Austin authentic. Magna fugiat 3 wolf moon, labore McSweeney’s sustainable vero consectetur. Gluten-free disrupt enim, aesthetic fugiat jean shorts trust fund keffiyeh magna try-hard.&lt;/p&gt;

&lt;h2 id=&quot;hoodie-duis&quot;&gt;Hoodie Duis&lt;/h2&gt;

&lt;p&gt;Actually salvia consectetur, hoodie duis lomo YOLO sunt sriracha. Aute pop-up brunch farm-to-table odio, salvia irure occaecat. Sriracha small batch literally skateboard. Echo Park nihil hoodie, aliquip forage artisan laboris. Trust fund reprehenderit nulla locavore. Stumptown raw denim kitsch, keffiyeh nulla twee dreamcatcher fanny pack ullamco 90’s pop-up est culpa farm-to-table. Selfies 8-bit do pug odio.&lt;/p&gt;

&lt;h3 id=&quot;thundercats-ho&quot;&gt;Thundercats Ho!&lt;/h3&gt;

&lt;p&gt;Fingerstache thundercats Williamsburg, deep v scenester Banksy ennui vinyl selfies mollit biodiesel duis odio pop-up. Banksy 3 wolf moon try-hard, sapiente enim stumptown deep v ad letterpress. Squid beard brunch, exercitation raw denim yr sint direct trade. Raw denim narwhal id, flannel DIY McSweeney’s seitan. Letterpress artisan bespoke accusamus, meggings laboris consequat Truffaut qui in seitan. Sustainable cornhole Schlitz, twee Cosby sweater banh mi deep v forage letterpress flannel whatever keffiyeh. Sartorial cred irure, semiotics ethical sed blue bottle nihil letterpress.&lt;/p&gt;

&lt;p&gt;Occupy et selvage squid, pug brunch blog nesciunt hashtag mumblecore skateboard yr kogi. Ugh small batch swag four loko. Fap post-ironic qui tote bag farm-to-table american apparel scenester keffiyeh vero, swag non pour-over gentrify authentic pitchfork. Schlitz scenester lo-fi voluptate, tote bag irony bicycle rights pariatur vero Vice freegan wayfarers exercitation nisi shoreditch. Chambray tofu vero sed. Street art swag literally leggings, Cosby sweater mixtape PBR lomo Banksy non in pitchfork ennui McSweeney’s selfies. Odd Future Banksy non authentic.&lt;/p&gt;

&lt;p&gt;Aliquip enim artisan dolor post-ironic. Pug tote bag Marfa, deserunt pour-over Portland wolf eu odio intelligentsia american apparel ugh ea. Sunt viral et, 3 wolf moon gastropub pug id. Id fashion axe est typewriter, mlkshk Portland art party aute brunch. Sint pork belly Cosby sweater, deep v mumblecore kitsch american apparel. Try-hard direct trade tumblr sint skateboard. Adipisicing bitters excepteur biodiesel, pickled gastropub aute veniam.&lt;/p&gt;

    &lt;p&gt;&lt;a href=&quot;http://localhost:4000/articles/readability-post/&quot;&gt;Testing Readability with a Bunch of Text&lt;/a&gt; was originally published by Alex Golubev at &lt;a href=&quot;http://localhost:4000&quot;&gt;Keep On Moving&lt;/a&gt; on May 22, 2012.&lt;/p&gt;
  </content>
</entry>


  

<entry>
  <title type="html"><![CDATA[Sample Post]]></title>
  <link rel="alternate" type="text/html" href="http://localhost:4000/articles/sample-post/" />
  <id>http://localhost:4000/articles/sample-post</id>
  <updated>2013-05-31T00:00:00-00:00</updated>
  <published>2011-03-10T00:00:00-05:00</published>
  
  <author>
    <name>Alex Golubev</name>
    <uri>http://localhost:4000</uri>
    <email>alexander.golubev@gmail.com</email>
  </author>
  <content type="html">
    &lt;p&gt;Below is just about everything you’ll need to style in the theme. Check the source code to see the many embedded elements within paragraphs.&lt;/p&gt;

&lt;h1 id=&quot;heading-1&quot;&gt;Heading 1&lt;/h1&gt;

&lt;h2 id=&quot;heading-2&quot;&gt;Heading 2&lt;/h2&gt;

&lt;h3 id=&quot;heading-3&quot;&gt;Heading 3&lt;/h3&gt;

&lt;h4 id=&quot;heading-4&quot;&gt;Heading 4&lt;/h4&gt;

&lt;h5 id=&quot;heading-5&quot;&gt;Heading 5&lt;/h5&gt;

&lt;h6 id=&quot;heading-6&quot;&gt;Heading 6&lt;/h6&gt;

&lt;h3 id=&quot;body-text&quot;&gt;Body text&lt;/h3&gt;

&lt;p&gt;Lorem ipsum dolor sit amet, test link adipiscing elit. &lt;strong&gt;This is strong&lt;/strong&gt;. Nullam dignissim convallis est. Quisque aliquam.&lt;/p&gt;

&lt;p class=&quot;pull-right&quot;&gt;&lt;img src=&quot;http://localhost:4000/images/3953273590_704e3899d5_m.jpg&quot; alt=&quot;Smithsonian Image&quot; /&gt;&lt;/p&gt;

&lt;p&gt;&lt;em&gt;This is emphasized&lt;/em&gt;. Donec faucibus. Nunc iaculis suscipit dui. 53 = 125. Water is H&lt;sub&gt;2&lt;/sub&gt;O. Nam sit amet sem. Aliquam libero nisi, imperdiet at, tincidunt nec, gravida vehicula, nisl. The New York Times &lt;cite&gt;(That’s a citation)&lt;/cite&gt;. &lt;u&gt;Underline&lt;/u&gt;. Maecenas ornare tortor. Donec sed tellus eget sapien fringilla nonummy. Mauris a ante. Suspendisse quam sem, consequat at, commodo vitae, feugiat in, nunc. Morbi imperdiet augue quis tellus.&lt;/p&gt;

&lt;p&gt;HTML and &lt;abbr title=&quot;cascading stylesheets&quot;&gt;CSS&lt;abbr&gt; are our tools. Mauris a ante. Suspendisse quam sem, consequat at, commodo vitae, feugiat in, nunc. Morbi imperdiet augue quis tellus. Praesent mattis, massa quis luctus fermentum, turpis mi volutpat justo, eu volutpat enim diam eget metus.&lt;/abbr&gt;&lt;/abbr&gt;&lt;/p&gt;

&lt;h3 id=&quot;blockquotes&quot;&gt;Blockquotes&lt;/h3&gt;

&lt;blockquote&gt;
  &lt;p&gt;Lorem ipsum dolor sit amet, test link adipiscing elit. Nullam dignissim convallis est. Quisque aliquam.&lt;/p&gt;
&lt;/blockquote&gt;

&lt;h2 id=&quot;list-types&quot;&gt;List Types&lt;/h2&gt;

&lt;h3 id=&quot;ordered-lists&quot;&gt;Ordered Lists&lt;/h3&gt;

&lt;ol&gt;
  &lt;li&gt;Item one
    &lt;ol&gt;
      &lt;li&gt;sub item one&lt;/li&gt;
      &lt;li&gt;sub item two&lt;/li&gt;
      &lt;li&gt;sub item three&lt;/li&gt;
    &lt;/ol&gt;
  &lt;/li&gt;
  &lt;li&gt;Item two&lt;/li&gt;
&lt;/ol&gt;

&lt;h3 id=&quot;unordered-lists&quot;&gt;Unordered Lists&lt;/h3&gt;

&lt;ul&gt;
  &lt;li&gt;Item one&lt;/li&gt;
  &lt;li&gt;Item two&lt;/li&gt;
  &lt;li&gt;Item three&lt;/li&gt;
&lt;/ul&gt;

&lt;h2 id=&quot;tables&quot;&gt;Tables&lt;/h2&gt;

&lt;table class=&quot;table&quot;&gt;
  &lt;thead&gt;
    &lt;tr&gt;
      &lt;th style=&quot;text-align: left&quot;&gt;Header1&lt;/th&gt;
      &lt;th style=&quot;text-align: center&quot;&gt;Header2&lt;/th&gt;
      &lt;th style=&quot;text-align: right&quot;&gt;Header3&lt;/th&gt;
    &lt;/tr&gt;
  &lt;/thead&gt;
  &lt;tbody&gt;
    &lt;tr&gt;
      &lt;td style=&quot;text-align: left&quot;&gt;cell1&lt;/td&gt;
      &lt;td style=&quot;text-align: center&quot;&gt;cell2&lt;/td&gt;
      &lt;td style=&quot;text-align: right&quot;&gt;cell3&lt;/td&gt;
    &lt;/tr&gt;
    &lt;tr&gt;
      &lt;td style=&quot;text-align: left&quot;&gt;cell4&lt;/td&gt;
      &lt;td style=&quot;text-align: center&quot;&gt;cell5&lt;/td&gt;
      &lt;td style=&quot;text-align: right&quot;&gt;cell6&lt;/td&gt;
    &lt;/tr&gt;
  &lt;/tbody&gt;
  &lt;tbody&gt;
    &lt;tr&gt;
      &lt;td style=&quot;text-align: left&quot;&gt;cell1&lt;/td&gt;
      &lt;td style=&quot;text-align: center&quot;&gt;cell2&lt;/td&gt;
      &lt;td style=&quot;text-align: right&quot;&gt;cell3&lt;/td&gt;
    &lt;/tr&gt;
    &lt;tr&gt;
      &lt;td style=&quot;text-align: left&quot;&gt;cell4&lt;/td&gt;
      &lt;td style=&quot;text-align: center&quot;&gt;cell5&lt;/td&gt;
      &lt;td style=&quot;text-align: right&quot;&gt;cell6&lt;/td&gt;
    &lt;/tr&gt;
  &lt;/tbody&gt;
  &lt;tfoot&gt;
    &lt;tr&gt;
      &lt;td style=&quot;text-align: left&quot;&gt;Foot1&lt;/td&gt;
      &lt;td style=&quot;text-align: center&quot;&gt;Foot2&lt;/td&gt;
      &lt;td style=&quot;text-align: right&quot;&gt;Foot3&lt;/td&gt;
    &lt;/tr&gt;
  &lt;/tfoot&gt;
&lt;/table&gt;

&lt;h2 id=&quot;code-snippets&quot;&gt;Code Snippets&lt;/h2&gt;

&lt;p&gt;Syntax highlighting via Pygments and Rouge&lt;/p&gt;

&lt;div class=&quot;highlight&quot;&gt;&lt;pre&gt;&lt;code class=&quot;language-css&quot; data-lang=&quot;css&quot;&gt;&lt;span class=&quot;nf&quot;&gt;#container&lt;/span&gt; &lt;span class=&quot;p&quot;&gt;{&lt;/span&gt;
  &lt;span class=&quot;k&quot;&gt;float&lt;/span&gt;&lt;span class=&quot;o&quot;&gt;:&lt;/span&gt; &lt;span class=&quot;k&quot;&gt;left&lt;/span&gt;&lt;span class=&quot;p&quot;&gt;;&lt;/span&gt;
  &lt;span class=&quot;k&quot;&gt;margin&lt;/span&gt;&lt;span class=&quot;o&quot;&gt;:&lt;/span&gt; &lt;span class=&quot;m&quot;&gt;0&lt;/span&gt; &lt;span class=&quot;m&quot;&gt;-240px&lt;/span&gt; &lt;span class=&quot;m&quot;&gt;0&lt;/span&gt; &lt;span class=&quot;m&quot;&gt;0&lt;/span&gt;&lt;span class=&quot;p&quot;&gt;;&lt;/span&gt;
  &lt;span class=&quot;k&quot;&gt;width&lt;/span&gt;&lt;span class=&quot;o&quot;&gt;:&lt;/span&gt; &lt;span class=&quot;m&quot;&gt;100%&lt;/span&gt;&lt;span class=&quot;p&quot;&gt;;&lt;/span&gt;
&lt;span class=&quot;p&quot;&gt;}&lt;/span&gt;&lt;/code&gt;&lt;/pre&gt;&lt;/div&gt;

&lt;p&gt;Non Pygments/Rouge code example&lt;/p&gt;

&lt;pre&gt;&lt;code&gt;&amp;lt;div id=&quot;awesome&quot;&amp;gt;
    &amp;lt;p&amp;gt;This is great isn&#39;t it?&amp;lt;/p&amp;gt;
&amp;lt;/div&amp;gt;
&lt;/code&gt;&lt;/pre&gt;

&lt;h2 id=&quot;buttons&quot;&gt;Buttons&lt;/h2&gt;

&lt;p&gt;Make any link standout more when applying the &lt;code&gt;.btn&lt;/code&gt; class.&lt;/p&gt;

&lt;div&gt;&lt;a href=&quot;http://mademistakes.com&quot; class=&quot;btn&quot;&gt;This is a button&lt;/a&gt;&lt;/div&gt;

    &lt;p&gt;&lt;a href=&quot;http://localhost:4000/articles/sample-post/&quot;&gt;Sample Post&lt;/a&gt; was originally published by Alex Golubev at &lt;a href=&quot;http://localhost:4000&quot;&gt;Keep On Moving&lt;/a&gt; on March 10, 2011.&lt;/p&gt;
  </content>
</entry>

</feed>